group,source_pdf,data_origin,x_variable,algorithm,x_value,metric,accumulated_accuracy
alg1_vary_requests,alg1_results_accumulated_accuracy.pdf,digitized_from_vector_pdf,num_requests,Alg.1,400,accumulated_accuracy,216.1764
alg1_vary_requests,alg1_results_accumulated_accuracy.pdf,digitized_from_vector_pdf,num_requests,Alg.1,500,accumulated_accuracy,222.0928
alg1_vary_requests,alg1_results_accumulated_accuracy.pdf,digitized_from_vector_pdf,num_requests,Alg.1,600,accumulated_accuracy,218.1462
alg1_vary_requests,alg1_results_accumulated_accuracy.pdf,digitized_from_vector_pdf,num_requests,Alg.1,700,accumulated_accuracy,219.3548
alg1_vary_requests,alg1_results_accumulated_accuracy.pdf,digitized_from_vector_pdf,num_requests,Alg.1,800,accumulated_accuracy,218.4428
alg1_vary_requests,alg1_results_accumulated_accuracy.pdf,digitized_from_vector_pdf,num_requests,Alg.1,900,accumulated_accuracy,220.3252
alg1_vary_requests,alg1_results_accumulated_accuracy.pdf,digitized_from_vector_pdf,num_requests,Alg.1,1000,accumulated_accuracy,220.169
alg1_vary_requests,alg1_results_accumulated_accuracy.pdf,digitized_from_vector_pdf,num_requests,HEU,400,accumulated_accuracy,188.746
alg1_vary_requests,alg1_results_accumulated_accuracy.pdf,digitized_from_vector_pdf,num_requests,HEU,500,accumulated_accuracy,193.3208
alg1_vary_requests,alg1_results_accumulated_accuracy.pdf,digitized_from_vector_pdf,num_requests,HEU,600,accumulated_accuracy,186.3548
alg1_vary_requests,alg1_results_accumulated_accuracy.pdf,digitized_from_vector_pdf,num_requests,HEU,700,accumulated_accuracy,189.5278
alg1_vary_requests,alg1_results_accumulated_accuracy.pdf,digitized_from_vector_pdf,num_requests,HEU,800,accumulated_accuracy,186.9476
alg1_vary_requests,alg1_results_accumulated_accuracy.pdf,digitized_from_vector_pdf,num_requests,HEU,900,accumulated_accuracy,189.926
alg1_vary_requests,alg1_results_accumulated_accuracy.pdf,digitized_from_vector_pdf,num_requests,HEU,1000,accumulated_accuracy,189.8074
alg1_vary_requests,alg1_results_accumulated_accuracy.pdf,digitized_from_vector_pdf,num_requests,LP,400,accumulated_accuracy,233.8054
alg1_vary_requests,alg1_results_accumulated_accuracy.pdf,digitized_from_vector_pdf,num_requests,LP,500,accumulated_accuracy,245.1296
alg1_vary_requests,alg1_results_accumulated_accuracy.pdf,digitized_from_vector_pdf,num_requests,LP,600,accumulated_accuracy,241.4372
alg1_vary_requests,alg1_results_accumulated_accuracy.pdf,digitized_from_vector_pdf,num_requests,LP,700,accumulated_accuracy,244.1148
alg1_vary_requests,alg1_results_accumulated_accuracy.pdf,digitized_from_vector_pdf,num_requests,LP,800,accumulated_accuracy,242.9902
alg1_vary_requests,alg1_results_accumulated_accuracy.pdf,digitized_from_vector_pdf,num_requests,LP,900,accumulated_accuracy,247.0966
alg1_vary_requests,alg1_results_accumulated_accuracy.pdf,digitized_from_vector_pdf,num_requests,LP,1000,accumulated_accuracy,246.4778
